0,1,2,3,4,5,6,7,8,9,10,11,12
134.5091098635564,137.51496038534555,58.692411627422175,37.93310879046045,88.76429362530081,71.719764905076,100.0649259717305,96.4499846762734,83.1505647623332,82.10991185742806,97.01328373976034,90.61526261426395,2
136.22382652613376,137.46880897803706,65.9667097106961,40.65656024566156,91.6183366746807,77.34711064577128,101.79584688509384,95.69841115362233,83.2288701726861,83.40873839319461,96.62863537955086,90.27060515584569,2
136.34455858487405,136.31652375433205,67.83340848199792,43.356671047470584,92.82872484582187,77.35948828237359,102.12883912294853,95.50892560572561,83.00906822092985,83.46207007892396,97.74817127855702,89.7085311732539,2
138.95451124236484,138.08160103311087,67.74534991312935,43.777730461215334,95.45160513154137,78.8684936095113,100.65638703672757,97.38231595280305,83.7431496700546,83.06846107437175,97.04550173111704,90.41806791890887,2
138.8475595655024,137.5160782741615,69.26609218213419,44.69060830315851,96.31044062453648,81.9557680803499,101.5274449237826,96.88229206015963,83.53662839187575,83.30486904923389,96.36914554357851,91.04523951386292,2
137.73858406447388,137.00308334678658,67.79811263475538,44.5087593350128,95.81184515204988,81.35487442408979,101.13557184212736,97.28314064405275,83.07721901549706,83.56567753468829,96.29075044687286,91.08136437002463,2
136.81490866872915,138.43096578392624,64.1873522746589,43.88773101758569,92.46960689615106,80.3517377481688,101.72161490074616,95.80240420097739,81.7118002457617,84.6247341884077,95.88172855140786,90.99274065087549,2
140.8907434952486,140.659657922644,70.0195090081732,48.035044216747664,96.57056508398988,84.0851737838459,100.92223558926463,96.77046332051516,83.16582189477627,83.05800693989005,94.99356015226124,90.99953947308472,2
139.31600341098115,138.5985561521149,66.61333055001452,50.361407706136134,95.85025129462775,82.98916294288048,100.84452193332022,97.12889173633936,82.56423390944529,83.7031607727847,95.64994065862261,90.57468774971605,2
138.08924865669746,137.08622143196567,70.5170136053528,52.58910792402555,96.00694244390364,82.5555664356011,101.12581068275658,97.16920065612773,82.43868255617996,83.55332562366758,95.5867532779107,90.28455971895254,2
138.5178890358789,137.61530750522266,70.98711270619151,51.577554401628845,96.8611715323844,83.26739603907032,101.6756381765561,97.04760266159875,82.62082969238969,83.39704195140062,95.88258945794368,90.17532376128715,2
141.43052895466832,140.23825251772558,73.5060617144713,57.31919305402601,102.6035867018361,87.70524078292462,101.21689476840082,96.70651863089242,83.42801394737116,82.91337934825653,96.7812196527312,89.05402797872658,2
143.14948107614285,141.62086646233163,70.68205114900553,56.80017657445975,105.56022366413778,91.49720964343149,100.63284210566636,95.64827812942951,84.42129974723849,82.17319176087483,96.99955642169607,88.24974068688039,2
142.39486777024226,140.45902906515326,70.87511507148216,54.213487507907885,102.17193235868135,89.05334804678395,100.60180135212018,96.34570599066392,84.43663519985411,82.14789426414374,96.09375051745478,88.7986077184537,2
142.36777388108928,140.57303536335988,75.3454714896381,57.63235583513441,107.02623764028499,95.2896328618005,102.1632811042116,95.1322869397776,85.5163518788155,81.28551654732077,96.04332228816226,89.36344328175178,2
141.10315471618557,139.17009457710813,82.10876428191128,58.93469954966288,106.75705086959056,93.95897920166401,103.28291251543529,93.79860507327004,85.83271562556256,80.45453635654899,97.37572366151954,88.67516126410702,2
141.85033974194116,141.00632427729354,79.0220998113262,60.2017673652944,107.45502249212238,94.38650773224911,102.1195533995473,93.80039681333368,85.01627173401873,80.62712322482052,97.765003355009,88.04647529289096,2
142.2239053045659,139.8386095538492,77.55196653492666,53.37014763944211,104.92369544206419,93.59616720539638,101.75799682692772,93.94455629030769,84.83275915940403,80.61483001159652,97.55958808840941,87.8408062722436,2
145.13821026618743,143.34722109154686,77.47578654629464,60.764622785426496,109.8431576440886,99.33454366342205,101.485289921137,92.56390176098253,85.39413142752666,80.38936604659428,98.22923560946327,86.95229265136237,2
141.84255977893585,140.94217713459716,68.52959729543844,55.85090570471984,106.29171310542604,93.52603535438143,102.46000912793617,91.68372783565162,84.92303461072638,80.70187544192652,99.99814121480999,86.38929164540853,2
142.84409593874148,142.0624031258074,68.28260358967331,53.17251753566817,107.28941961970179,92.20424790884022,103.91079744831161,90.58859513030106,85.9745666131492,79.80890248259776,103.28834288537082,83.77233108243807,2
137.56804688986102,138.58482144967138,63.93915971823436,41.51465654699057,96.87216820355759,80.00142240735379,103.91250393983312,91.58638053248768,83.84749432150541,81.96924399595622,103.91644916084057,84.1374187279788,2
138.8249906188918,139.47095307828573,65.2930448447535,36.17032510859952,91.37079686355969,79.11272123296257,101.9307053887553,96.75898796335284,83.52693583432779,82.60352913589419,98.42580977693825,87.17347193406704,2
136.70657007073888,138.26681777358948,64.7301555463191,38.774884911944,86.88681709786371,74.5893829788454,100.87815553824105,97.11469080072395,83.1170213354245,83.01270902533028,96.69665656306091,88.88071936563075,2
136.1790856176039,138.05710931367983,62.88320040779076,37.97927468829443,86.94550240079435,76.4025397752604,101.37011168666018,96.5095870706313,82.5720234820809,83.37983820042137,96.11664554802013,89.17740579557608,2
136.3563180719352,137.37360453601445,66.48366331649972,39.496707471997695,86.72706148132707,76.74205947699157,101.98049524923451,96.18737317096647,82.34446623819389,83.511036451746,96.27402120458191,89.15651782626207,2
141.12613240488318,140.4022818458792,64.81106212327033,39.14138472323907,87.53630653713647,77.67571461127774,101.7670336558702,95.39234922110947,82.61327726564133,83.46384647518344,95.47021150684425,90.05477148527883,2
138.67264184479092,138.59209486465136,59.363928612139105,39.59438189123597,87.30831110585734,76.82889340426325,102.09045314753166,95.81453415639028,82.52943882495204,83.63515828861422,95.57210520213603,90.19997935380329,2
137.72773611301878,137.44960926752051,61.077296789564215,40.4939458084014,87.52711693322513,76.77327879720394,102.0482053745241,96.1429611749205,82.76024405407678,83.51723423570446,95.3122794012588,90.52171012317824,2
133.7976964035807,134.9218406379447,61.91044433287982,37.131150977534105,84.71300369055135,74.22357859177308,104.14756784643046,93.51547453316995,80.8183389841896,85.29500034541365,96.83493512773498,90.01196755078473,2
137.41631790788446,137.39639828577836,67.13803797417782,42.46739166433539,95.60885848116216,77.50746407625952,101.16337176803744,96.10961461258601,84.02474643046983,81.55803698246056,97.56702629619546,90.79546904926215,2
141.70178016826793,142.95781355691418,82.65125603942798,58.16799388917119,108.28583114788597,96.91343183938142,103.05366134195945,90.52361970135857,86.42938357576294,78.93812509852557,96.58451539646082,89.18957090458736,2
143.12965280070026,142.8902704969048,78.95211667125014,62.645477679107024,111.40265669760278,99.67482827995023,102.91111272061644,90.68798662583451,87.06304778200973,78.55206665073588,98.2240914955206,87.58270272813503,2
143.6669876425341,143.58571061549083,76.86921660928367,60.327611973707405,110.47761507653566,99.90283134953744,104.39718314400304,89.30615785257356,87.99950284577581,77.38553934505855,101.63360045390732,84.04699665982179,2
134.7212398262451,140.20045676597977,69.41451951321092,52.78460659371017,104.65450219300726,93.15792404878265,104.04790839980011,90.4257771349872,86.69754044360425,78.18605971954806,101.99313678203912,84.08421932805683,2
136.74769877231225,142.5942892911014,66.74204185713981,51.65050164602624,105.16511746280631,92.47488644344772,103.7767930069267,90.51825671007666,86.4774312055675,78.61165019306496,103.01470288471958,83.34757786896702,2
139.83047569246057,140.13868470237387,67.27418264430526,50.06890606441775,102.29040312974284,90.34559294274068,105.00440458402716,89.48464135905073,85.67579322070115,79.39971442127226,104.50603346535542,82.22366598001348,2
142.83265152954613,143.0222826758714,71.75447233552431,56.11317101605296,107.8313322690153,94.64021372297202,104.04722160105547,90.65275596537658,86.60120070240887,78.94319516713817,104.45574881695032,82.31325188389812,2
140.69296633069405,141.91352888373135,63.973233776544674,48.414806826794525,103.35042380158441,86.88868098532228,102.34733421613272,92.77077853873313,85.07611064936758,80.4627730594552,104.98860811546876,82.5325849719013,2
139.63905521035844,139.83319730134838,70.34689535631814,43.29537006327619,99.44147850744228,83.19443574873488,101.01414250247542,95.04287732033987,84.33123328705447,81.27685563118122,101.51006078047533,85.80751022522189,2
140.70370923594726,140.0431901386281,65.86197741821458,43.629814419505514,97.28082127293413,83.45754378264155,102.17098134612394,93.89749800494826,83.89437856057583,81.74089435274479,100.08250870438498,87.10862339695534,2
141.81535617870148,140.13232534914644,61.38058368493678,41.35537805877704,96.89721696853422,84.10315750807659,102.24920725849302,93.54625812038192,83.21954103666054,82.33628977313586,99.90290740945444,87.24523687700746,2
141.02120592491477,139.55225870461635,62.585441955258744,42.908446945851075,96.0517976706094,83.9568270712046,102.30931698465909,93.94211960407387,83.20652465920594,82.39136618668387,99.44804186978348,87.47020842707192,2
140.12022767184516,139.04288694096925,63.74255241834676,44.97402083530336,96.09452026814415,83.81754492722315,102.75867562795987,93.96435899225436,83.29708920729729,82.2956472137355,99.00759687052496,88.07596510681091,2
139.70473420692963,139.76955824886252,60.5070942530957,44.146249730702124,94.23244038191496,83.0686362390294,101.47559732163329,96.32942784751245,82.77320814792354,82.89322034473302,95.37209596695033,90.98826544086066,2
137.9003902861523,138.86458753661938,61.728473246074905,44.088196573416624,91.96378202914921,80.50610344373445,101.59843527644588,96.85025265271337,82.49252024586012,83.7306626708497,94.97602467625492,90.93668642348867,2
138.84757138148132,137.8937881638662,65.69062930257681,51.081303525559,97.41221332826116,82.81298443060277,98.74457710846178,100.12771019991098,82.45804275979673,84.15776795651946,94.02090701477576,92.62919963379417,2
137.84343550784573,136.32233699379353,65.84180868619762,41.88360850180712,94.12854941618072,81.93896517420907,100.1977996827037,98.30049267885461,82.42999258889853,84.19233452055747,93.65269365250688,92.53429034378844,2
134.43330915503435,133.6413246477894,63.025458407616306,35.189795646765425,88.75335657453014,76.5083791303197,101.38990301918513,97.63719650536797,82.19038811353605,84.59086935456011,94.02900490615905,92.58619202701847,2
136.92659310610642,136.01624898044318,62.85659820134709,37.59482806714324,90.17344228771549,78.4194981781251,101.16735161553497,97.3683939036682,82.5065563051027,84.07496408074638,93.89597385607169,92.61365379677255,2
136.66103748944082,137.7199822472792,64.17377042249328,51.65513965602868,97.0955672479309,82.19664859882951,99.79829417221495,98.71338841382021,83.2751629988684,83.18137843854015,93.496920842804,92.47022317785213,2
140.37568615585312,138.46832016760735,73.19983309198389,52.726058305001864,101.25239941664627,91.26078127442742,102.10039866768052,95.5914088514829,84.39473342251793,81.81845826011374,93.93665108925659,91.53773716364684,2
140.44831016694644,138.6866570201139,73.13372754680795,53.83499350386422,102.29084507551127,92.13088906585546,102.61088343156636,94.67386208588682,84.81203070083184,81.42682255298358,95.10967229713599,90.71255039077549,2
140.55211858592787,139.9523460890478,76.64795948422794,54.809949208590886,102.84395815923854,92.04251993026544,102.5667734385031,95.55386872764178,85.06353514122274,81.35299849578047,95.77574643321515,90.41158255691481,2
140.61685634860183,139.66160941668034,77.84396596187797,58.05342247682012,105.64140281922685,94.4545995460038,103.76981609990615,94.65863461994043,85.998855579707,80.29050716436466,97.0921298391272,89.18047043214297,2
141.53367574567943,140.94960178281005,75.06702888219489,59.95733089119217,108.62779839478753,95.04720342709749,102.27858136893357,94.52797433576742,85.28043683206191,80.72610148536094,98.2063732969215,88.44135441757017,2
141.04981004366647,142.31107387338295,75.669786657563,57.07366142748572,105.8902897025871,94.32073330250965,101.81689606649365,92.40159438765407,84.74778045085155,80.53215989455973,100.40974372452321,85.73194831901397,2
138.9500578627691,142.91872112341414,70.68988824625167,54.44880715404387,102.14766287361556,90.83300285763589,105.01080800500581,89.09008159484007,86.33458393843274,78.52356256783555,102.31859928560468,83.91878130150978,2
139.348825038173,144.59720313090162,68.6962936449441,52.141042243124446,100.75358966238358,88.14588373069927,104.89325932298233,89.47937671797844,85.85477201754746,79.38057617343172,103.57507190642141,83.01980008971714,2
139.55809527839543,144.83285035697594,69.88266833446944,49.4569923187094,101.19327364683635,88.48742784757654,104.28081547592214,90.08121674511548,85.349681761801,79.99543657187718,103.8209186971893,82.80152915130658,2
137.86771455111437,141.22458565548644,68.23594664188361,45.65920623417232,100.61891615006125,84.13360789747624,103.83012549442078,91.74307271799641,84.04997690915631,81.38196539060948,104.90374743591222,82.97098294367241,2
137.42309695499907,133.32444241002713,64.36464663098998,39.0563759920825,89.72849592806067,78.35024865922789,102.92469093354806,95.22863396252565,80.98078343547402,85.07020097925238,96.01256999763554,91.0249562039652,2
136.52910666010038,135.3536123243964,64.50595063080073,38.19643356073527,89.62671935346064,79.2804092254771,105.01508098423388,92.72987889171432,81.84506792851946,83.60885258177021,98.06108437192051,89.76907132296752,2
138.75130309108118,141.72571419493244,61.49802640502314,37.729902723336444,89.40450260569472,76.4890136890892,103.16442649835572,93.24145219676919,82.63828989143488,83.62986654882417,98.16111373002065,89.81437589876776,2
137.9507022978736,140.65077546523992,59.702368359365174,38.19544031397577,89.97562460939632,76.53878142498785,103.60999184451542,93.31179172836792,82.78887801909228,83.62641683300826,98.8131748694387,89.35639358330769,2
137.83119762057055,139.46931140135686,58.287865791096664,36.6181380229278,89.37018003319555,77.91275354613894,103.8793438850874,93.27659649513743,82.9309146824321,83.59436494243917,99.19783737628988,88.03325205930764,2
137.39077325241522,139.3364046427712,61.19347456455935,36.26630617651647,92.32316033077807,78.26233992198928,101.43623071185372,97.12612480133312,84.10438851831064,81.76592377892192,97.05681223482435,90.42857860241512,2
136.51950919610059,138.9405066495643,61.99309417453816,35.54005990067399,91.87188206505027,76.91037452521411,101.12341121997471,96.71457677825916,84.19482706795482,81.31994124077244,96.07184521292818,91.54834774416118,2
137.02123042634543,140.47761542646762,58.370396995711175,34.60929916950259,90.44862754285256,78.24646746254638,101.25196390403629,96.21094859105459,84.43634494340866,81.19010168426301,94.75853685106095,91.41622935903747,2
136.95658552900326,138.1968927028276,59.76033700122194,35.24281248310384,85.92272039313957,76.33339472669438,103.94019740785942,92.80180563004437,82.74588208366976,82.77844931051419,95.18141914115759,90.9478206949208,2
142.9579305197998,142.12454175781104,60.07952718974962,40.507757559052145,91.12115623412346,81.0206617981049,102.5677876121578,94.23734129602792,83.84506666831476,81.9969072253846,94.71828462042328,91.05792835760522,2
142.34297426724888,143.2036145275305,63.31293209365858,46.94497570106691,96.09081815806731,85.60349299137218,101.96061480962844,95.34041201350676,84.41209876795222,81.57666147209362,94.71948073862517,90.97653185929147,2
141.93766870521878,141.40378085732252,61.07243259796257,47.5151901160323,95.7795878173258,83.92395316639829,100.91333572897922,96.8005699244003,83.6099309483609,82.547714699923,94.2957869260503,91.45278206680656,2
139.44933224723857,138.84386462450527,62.88515571356956,50.14491694180767,97.34935001369438,82.53409082741662,99.95479570765521,97.67428122349571,82.04105539642651,83.63335717893938,95.84329951486414,89.67284646838563,2
137.5515820782883,137.7707426236482,64.96544672802783,47.383835031460066,94.56773546107043,81.36412234739913,101.4835385936016,96.2692068931924,80.98076821263832,84.37914680607155,96.55578713443307,89.19332823113612,2
138.89423643498193,138.09513970031765,71.98237242381762,48.61315906690863,93.6274538595352,82.27988078798026,101.28467298890159,96.70514110186221,81.03239020346403,84.43490924230098,96.13209855878729,89.1832419064212,2
138.49426230668612,138.37305066711033,68.75811835594034,49.48822595061997,93.45709913160826,82.03870467700936,100.74006734820524,97.15700067218755,80.65164153011158,84.92610206974203,96.23473584479453,89.25075429309484,2
137.95673575507826,138.26453709698077,67.3106374162179,47.886219158774054,93.1508902588835,81.09375217504147,100.43755568115871,97.95831943463207,80.37821421994673,85.18207788323564,96.31213155827561,89.29276544465105,2
138.97106752703849,138.5641645055911,69.41519600773772,49.30470853773684,93.14587700323615,81.27634645953556,99.47647428579977,98.93284603391011,81.0023047869146,84.41025280961527,94.82626135953808,90.39908985655839,2
138.81969313559625,138.6619600111302,65.63489904015243,46.147280848211416,90.06760966245002,77.29487019924987,97.91378341894281,100.77468796740595,81.42745301820283,84.03452610163839,93.07975975963755,92.00749005177468,2
139.21012265704496,139.62450627757852,65.59752110566178,47.6899254726743,90.64656007659299,78.08889217160316,98.21959301386288,100.77974008561698,81.39254376803547,84.08656031228782,93.19510941758573,92.48434966388515,2
138.97306709901085,138.98225720434334,65.04618625313302,47.325564194300625,91.42651487484376,78.68552022482318,97.3175634403378,101.9168152119186,81.81275368177543,83.63650039192348,92.20039578897612,93.3735939305453,2
142.91831618067923,141.33712082150433,67.7389984583249,50.8977627578757,96.52412329127115,85.86061482291592,98.25327768660266,99.30502444534704,81.52818695342637,83.80859777728826,92.2503413247241,93.20128349524764,2
140.61114352084758,140.04489756893645,65.13877966646146,46.28007076331537,94.25444083799958,82.99322138359268,100.12914296465958,97.67486154120333,81.41400646312503,84.0696703435,92.99002575169128,92.98464159141858,2
139.98775318960318,139.49794778842738,67.90281042616786,46.69467094202192,97.4746040889343,85.42916346371457,99.8560655220375,98.06237021570348,81.62868259083828,83.98360167153615,93.37434199955541,92.55678242630765,2
140.03379708543903,139.21769388292267,68.72705009029707,46.652320207510826,97.0080630274518,84.53225579863656,99.49448426357021,98.70019083118875,81.81795908788867,83.90767021501023,93.08594610134318,93.02375418074634,2
140.8145062685897,140.66351297896466,69.9233977521142,46.948422479588935,99.25481969462265,86.05496051118733,99.26457289788273,98.8095162279273,82.18008572811246,83.69180718437912,93.59229843678145,93.08179612748596,2
140.68066743780312,141.23794725670234,70.65776912706843,46.92632027531547,99.48824682943827,86.19871551125631,99.00041223643021,99.07464344327038,82.20823238002822,83.68275470308973,93.61490079398686,93.06381241321785,2
140.52615442686007,140.2855328099077,67.37330593911172,47.0295542530794,98.41186202143123,87.20519445418797,100.37531109978251,97.83067196467742,82.5961645514902,83.25961319655838,93.73754366315201,92.53892055862985,2
142.75105718193137,141.76050468686913,66.02411020542404,46.790786596516284,100.17669639666352,89.60843723005723,99.8086103296094,97.80762217364206,82.70398665220964,83.29520619400176,93.5496193510604,92.41511559794125,2
141.6970303957265,140.46495189235267,61.57282722024715,43.95084577821312,99.0498282705933,87.68735410721044,100.14488956800378,97.3420794801016,82.39897934373548,83.62069023463881,94.08687083325952,92.41752818930915,2
141.7724128744516,143.93564807463937,67.64794584572489,51.83737752972212,103.98331478372917,92.85081432635639,103.5795061170425,89.61222972841209,85.97839214835426,78.95125328137168,102.10208487248073,83.80962259792541,2
142.61934861955552,141.5667251232066,74.62618618550079,58.700904196053536,101.82372248852761,91.06704198881776,102.03972999310908,95.77974204515772,84.28318145205672,81.65084670351327,96.68531212371954,87.91561520766201,2
143.3410079243939,142.61826808603283,72.99123607432901,56.459189758428614,98.54971170204317,87.20093763700187,100.08243308546606,97.48561062770865,83.0382996372709,82.73353144686203,96.37509433837397,88.63007720373221,2
141.7163362752055,140.3599878399581,72.29569832764831,53.89659384840724,98.4268442362268,86.38822850969078,98.24406579469662,99.8093963362657,81.98469679116927,83.74221050310089,94.29403813049008,90.71770456284916,2
140.7042703992682,139.20327961295706,69.18493498454903,48.553453235498154,90.2013475564115,79.90599513934973,99.43882502466464,98.44346425477698,81.47947665917233,83.96874787411626,93.92708678818602,91.06754889244596,2
139.71544328015628,140.0710854376271,74.08903357575862,51.27703888854237,92.45171235712992,83.40005628565908,100.87874816053434,95.93336944438576,81.46064969657965,83.77217914314258,93.64305093013547,91.25899464670745,2
140.9096938043467,140.38580383035753,72.70700341560237,47.55970883176201,93.7014878138402,83.31898532440314,99.98294415892117,97.55619676532365,82.03129292547798,83.61487406013532,93.51668602126676,91.62188361640034,2
140.58933645406015,140.26390806198458,71.46968648794157,48.04556908952351,94.72874260711279,83.6108887579856,99.06765123863997,99.01740326227444,82.00556742925608,83.95626888884145,93.79216460698481,91.38146810678988,2
136.7708183578637,137.58484333942457,65.84714552738745,47.86315246989866,94.11542801775097,81.25772717434616,100.15148064613066,98.52606945270203,81.80754253318341,84.26748423502808,94.35772304755409,91.66073960710469,2
139.68965371590926,138.4907734344099,72.38257854330293,49.54341432742311,100.09013553424576,86.33261309898656,98.9690717366923,100.01784930760954,82.15643079456031,83.8404058672463,94.37879999000646,91.61303649795974,2
141.2630730930903,139.9428139662808,73.54388578226893,50.08368286007683,100.85305855013674,88.17275077567817,98.77105356480135,99.98434657033006,82.56029321653996,83.53163964249877,94.19514503890001,91.58451288145653,2
140.62352431273027,138.899438401004,72.37629086707234,53.248980954110884,100.97561068387523,88.86325505536095,99.6044329802036,98.73721535902114,82.67363197631502,83.48972814457474,94.40922715992917,91.50849523435592,2
140.76257552710047,139.29667746244894,72.98700928245692,53.316596785631425,101.84383977475626,89.59232564024173,98.5766722052789,98.90864918539191,82.36708108957122,83.84757175008384,94.1790602924388,91.80399618947489,2
140.6562922191103,138.79586182553456,73.09981080951351,51.441500534116706,101.5348949812446,90.04566581880502,99.94031138351174,97.05753537537764,83.26242854945134,82.67822710501311,94.26846567383838,91.77123626609401,2
142.37173264749887,141.1045404932293,75.29023794115221,51.40495505231656,102.02735248915306,91.31408299660242,100.1380291123416,96.36590535310019,83.38455886518057,82.63945080431174,94.21229289666486,91.67404516822053,2
141.92263219075164,141.13054679385613,78.04434508719817,50.750944211909385,102.07101103777707,91.19627689114789,99.90458422744554,97.12339142001306,83.32126670587793,82.8546342408678,94.04571867176739,91.64430932433781,2
141.04883064536884,140.77126956091718,77.50100113801672,49.68889654705789,100.41535478477164,88.23959912182683,100.58374939216121,97.59672477025543,83.38699059991681,82.88710395700173,94.57514618649131,91.70199788827703,2
142.41472779297686,140.93179146614375,76.69502232709172,50.43230285780341,100.17632855380553,88.5142619811412,101.39523322734254,97.56995531773572,83.64878333395065,82.83310640754428,95.08222311789106,90.89652524896954,2
143.15546406550502,141.6788723175454,77.50189455931907,51.459408602547086,100.45886732486643,89.27012231730687,101.11414539599795,98.21744786473849,83.66999914198537,83.10809602724068,94.669629768233,90.89530449530588,2
140.8540964296442,139.0690595801996,65.69431573046106,45.984295791858024,94.50848201951496,83.24571866426948,102.07318938806078,97.0493905659871,82.9987538688515,83.52416511778316,94.81787219318578,90.95555264383614,2
137.1758557642008,138.7644162703426,69.75108220435806,43.53991369272495,93.39193778360666,81.55619964154084,104.15487675092939,94.5705121393525,82.96581483275021,83.22345980129784,96.6224371738376,90.22447526122207,2
137.84476316159325,138.85565830047864,69.8851961788083,42.21814388894119,94.64676647984861,81.3322631775362,103.37661788122047,95.91662217225173,83.95215512267765,82.44108503703879,96.86829802922256,90.23467914436155,2
135.69523696035756,136.64544383127912,66.4112482707583,38.957520644061226,90.08318076980231,76.40399925967988,103.44020654993209,96.213134132448,82.8602195941187,83.53142540884478,97.13314988754864,90.27279584128648,2
137.66918941743012,137.48817161994305,64.51343873212689,37.89590168738531,89.997714511446,77.41152661122096,104.30612594200085,94.74568331537783,82.8473450404633,83.31899885845259,97.65959682658207,89.78381537727127,2
141.0583020237598,138.1313666348667,64.1115747499819,40.37461840033787,91.61516102772033,78.98435336986175,103.69058860544904,95.12642893292382,83.42815734243514,82.62026425349711,97.39945736876867,89.88298527387403,2
138.63269795663552,137.1519251621293,66.8030958175108,39.42293918006431,90.75801675949208,78.54156033115319,104.75563981930408,94.30223230613375,84.27510418644523,81.5938566233498,97.28613453660269,90.02547316526945,2
137.2804729818253,136.126296200095,64.66140662151889,37.87278372102353,87.79185458294346,76.13374083094612,105.88748108060463,93.26153994539152,83.8393848634846,81.99084622546792,97.60016606119966,89.9680305881725,2
136.7950019200022,135.85215060200971,62.12267825974656,39.03812629190986,87.71044972263346,76.40224682939052,104.90032467272393,94.247237055015,84.09510654891105,81.91448484053852,96.75910303968044,90.28411079269524,2
140.76512104651107,139.9059821828393,69.54391329359446,44.62573935562986,95.82198544348975,83.47968429052143,102.76136284560282,95.97832778574265,85.1874403359993,81.06663754222691,96.11638432829896,90.46664838701392,2
142.95004635786978,143.32321583020752,62.359213297538375,38.74997752266332,85.27310589941835,74.04408201535547,102.06064269735516,94.594986764669,84.18019117764857,81.77616953881403,94.588459411752,91.42239261389624,2
145.17778166491078,143.90014805423024,67.07693046003394,46.19133790515603,93.86841562484781,80.77284828526115,99.03322168105854,98.25503776286996,85.16386140740738,80.62382227795838,93.82165550473194,91.86821970718916,2
144.7779437375433,141.58722448379888,66.488198562943,44.34960718689205,93.44189587825147,80.73894868631118,99.53753142043706,98.50105662836675,85.0480921104386,80.94713415874921,93.90294740960668,91.76217535188013,2
130.92260279966197,132.8846949413943,61.01987997106396,65.08837789827015,91.64537305387924,93.88150127601939,96.75802122845167,98.24059741526484,82.33947880702188,84.74008895406197,83.20041772963874,101.26381531829054,1
132.63062573366972,134.89690881846607,59.639115921654,66.86447336376776,88.93154880975685,91.35484750931626,96.591946586785,98.32651199168406,82.83897688804484,84.25334363936437,80.69523188408758,103.9937931040292,1
132.9026698174417,133.97544354411258,59.46177833590931,66.36792995949783,89.30408642704252,91.25316296997768,96.2536496478492,98.54321589572662,82.50043708842551,84.37377745318278,81.27112561323,103.45545807987466,1
131.880905838704,132.7555524457314,61.072367666121075,68.02343425182845,90.18231602111965,92.4439432397955,96.9860683132516,97.96921410588823,82.44518612284025,84.35470181665721,82.28480777064199,102.42547640762275,1
130.7860560279252,132.18156865055687,58.3352242717969,63.23986478604924,90.11611115333977,92.47347260800836,97.6195410874687,97.32404872073516,82.31987834233772,84.38071105433912,84.23760888566426,100.58731884955489,1
131.00962549101666,135.5301786622909,56.660594040476795,61.79280151458364,93.02205653679057,95.6684889955379,97.76572906378968,96.80471141730088,81.85065804789505,84.67550282627559,86.15290404078446,98.51555121639394,1
130.70242460395764,136.1063523598113,55.72670316086589,61.23832055115153,94.055950652493,96.24198735711383,97.38367185053505,97.11335310555275,81.7546238755926,84.78569055583863,86.97829821029066,97.589000789713,1
127.85924331774143,136.0707751166618,55.12562080284191,59.79401337942749,92.8131442183308,95.84488042728135,98.17717543278307,96.24076400271557,81.3751054316335,84.9028480966649,88.45766444649792,96.22447865171763,1
127.78491511425348,135.8849709477883,55.78906010919877,60.843331059147935,92.74603379281751,95.8448798470416,97.4507336699266,96.87297861812813,80.6990088561585,85.5277000151761,88.56793287130922,95.78471213058036,1
132.16264727513368,136.60446586918457,56.5006627917671,62.674076861966775,96.58533171003864,99.0320218068065,97.07978334780175,97.23634026231363,81.00189446368029,85.39376275442699,88.44565761977931,95.71149379378608,1
131.22999930581537,135.1816671939813,58.774304333807166,64.04157714601817,96.18824985772034,97.90863983998719,97.05699622045528,97.62224798869899,81.1492836219512,85.40238562480233,88.50439013832005,95.82881146644196,1
130.38785406968077,131.28650004743676,57.20054463840309,63.05593854279462,90.67110537641717,91.02824733527771,95.32843013707128,99.55687570031039,81.61957382535057,85.25250961053203,83.5650164195932,100.96503003973702,1
129.5711437431079,130.34030974545797,57.069290029553066,62.527547483938875,86.64078063608842,87.37165390401111,95.64006471900056,99.06204988438749,81.65682981212504,85.24843247703603,83.56893854256916,101.08106063498019,1
130.62440427954814,133.6886555575593,57.1557817816723,61.40952637766276,87.91411403957687,89.02434359546292,95.93668383712914,98.93942628611607,81.63830636118475,85.29651843651436,83.48181213771468,101.27598369968219,1
130.9579032582196,134.03720090831993,56.66748391071479,61.39371100708424,88.30776679511764,89.75944449005496,96.12295800118949,98.94074651165322,81.58956220113484,85.38484786533463,83.49160437385545,101.31066839742837,1
132.03361356097335,133.7023515850778,57.562658329487164,62.74005415356003,88.70493255659403,90.25228013089719,95.79983441980457,98.86107150161281,81.6512899995219,85.30432786785198,83.36387377660539,101.36010136543355,1
130.5416428591647,132.07704769691296,59.03042546284968,63.18196622245439,88.85871200371407,90.52268027426432,95.6687245186348,98.73643068537305,81.59346080633301,85.16009131211949,83.42383679516539,101.2323488314637,1
131.93913522667486,133.9189048275879,59.59499936179017,65.94491736397657,93.4466267684348,96.77456435702425,96.7079868586779,97.32275287249853,81.35172563056342,85.20689258851746,83.80128682901879,100.79125697161273,1
130.72975054352278,133.3245311918506,59.39722542076926,66.04013234470585,94.50240817570524,97.34857476291009,96.3375709325438,97.232834369307,81.40392091038264,85.09596256368121,83.97621721599528,100.39781759505404,1
131.20905221849284,135.09530923172005,65.52177386662068,72.12063812852494,97.98720419790769,98.6948458828709,93.82160268496287,99.1858184634044,81.56565185589938,85.21872325520829,83.46799381463099,100.31302340207574,1
130.57932685044418,134.89539599405686,65.51153113462223,72.7188002032237,97.67202961271117,98.28931354187885,94.01821347155834,99.31759197567308,81.6785411567655,85.3906968691019,83.784176531265,99.99686972855808,1
131.349896705777,135.3804241267667,65.07142308744191,73.25416742223184,99.22461423454513,99.81453320026957,94.41457951262926,98.83648633839708,82.07140121289754,85.0305873016679,83.80343538333658,100.00572479802585,1
130.75608029280514,134.8230371454757,65.08478168733613,71.78207585379928,97.91429746956221,98.76999034727272,95.08720596043406,98.33462902153998,82.40438796224868,84.56579343312009,83.75851671062141,100.07199081450234,1
133.2804010498356,136.5988482507445,65.31306289388337,70.08247244664581,97.91671794079244,98.50976481881608,94.73304356513209,98.43595742005893,82.49605166159475,84.43710324360295,83.77270239558872,100.21017432024054,1
128.1469994363931,132.5754907081056,57.801825927307455,63.662876587761794,90.90449747782289,92.00087916566437,96.18736510909976,98.1802434030082,82.87013974092031,84.39157817301128,84.86148990735882,99.43562833066682,1
131.1615149101778,134.30375039915296,57.65450780174664,62.65973329051007,93.34586978451321,96.29541685410533,97.3498198967081,96.77484921487216,82.20974217803945,84.79878845762093,86.62806702641836,97.62015542687364,1
130.64287703424046,133.71953099808766,58.94688688970056,64.82236729883971,93.36374014011946,94.82104098255475,96.3149271497427,97.83817613920891,82.36007742400636,84.7108521285035,86.64891965317388,97.7021445885871,1
130.98134312724278,133.23287767723943,59.52597950185204,65.4478850346643,93.43739541540063,94.62920243810689,96.20836038356856,98.07251641521303,82.44593317307941,84.66412810748194,86.12937582975513,98.28190253254282,1
130.7694649021525,133.22240201565262,59.73423505360262,66.79308815398791,93.32316252811931,94.86696524297284,96.16864515946727,97.96024460242778,82.57911709016018,84.45929794815784,85.05504359967038,99.41124388610704,1
130.89576739556225,133.79303919918232,59.04617431874232,65.92280949920033,92.37705107197515,94.07401800875635,96.45851687235874,97.66135507582615,83.00546221839791,84.11678777209042,84.91037167944246,99.4997113994112,1
130.9633407194041,134.1092133651787,58.93729088587125,65.2510334087516,91.60335062118811,93.51606991920846,96.5192960079267,97.59592233915315,83.04635772700308,84.1216389472871,84.86844833789237,99.53544012484815,1
130.15571989659887,133.4800832884362,58.3272997834811,65.22553657017514,90.51802804008157,92.36449703324256,96.70363200323159,97.50046653071054,83.38666576784428,83.96094916960857,84.9194988621104,99.36301928575043,1
133.35302923595475,135.2489616398213,55.05031943082539,61.31128308041619,91.90239618000079,92.6465892940253,95.97429654306912,97.78238524747024,83.78135675677231,83.41331631253932,85.23540877102103,99.0620802012754,1
132.55187869307827,134.35497640525537,57.48264552570748,63.45519865456967,89.97712375651786,89.96472229311208,96.37858919741274,97.86636258057167,84.40879348143675,82.6591145472884,85.1530734435332,99.20923948216699,1
131.6742173046271,134.31867874690857,56.082897040376,62.28121118116251,89.30787991952464,88.87283399870392,96.17718509771693,98.47485920248377,84.16976801593812,82.91305069602035,85.6145437827546,98.80812239029831,1
129.8970360132123,132.88479742881287,55.29603305835934,61.64527484413954,87.01551629701028,86.85793651984095,96.72550233886324,98.5409274496582,83.89162297718306,83.2879923682119,85.88150672418,98.79578482813633,1
130.10211158852394,133.39327796872072,55.276730296883215,61.77528766841928,87.50293768275094,87.82084120309247,96.81466891801784,98.17196706530534,83.57125968661245,83.58972258612772,86.05639395018478,98.54145022202599,1
130.58710289447254,133.58301609750504,55.33667193626835,61.218560870320786,87.92801996243966,88.39514016053977,96.38571551512007,98.54030006624303,83.09633824183936,84.089211324702,86.25955314079846,98.26184166134033,1
130.95921588415015,133.71787689145742,55.63949295033845,61.17968221606279,88.16298075203298,88.69647309254326,96.09650718303432,98.79008629170447,82.7924560088709,84.42530095219254,86.38925991910781,98.07287295320003,1
128.79626980955604,135.259197668537,60.96140069088682,68.16015466340609,91.19156483956779,93.16896641066647,96.54967474905624,99.03497290402349,81.34895896864113,84.70786547768574,83.64789402906923,101.18888192394984,1
127.15717232227489,131.43499685787816,55.99183453310986,61.86194272697212,89.43060277007962,94.52122007716872,96.38578658216036,98.17850760742759,80.7228415695255,85.6801739953727,81.13940937236846,103.08264614697168,1
127.74836598564234,132.54146375108866,56.31283976903237,63.07041983207308,90.78556469159432,94.62675665333003,95.94857882211193,98.82000402765483,81.20097819877132,85.54461491095458,81.59431636569325,102.60343426644376,1
129.10968476815503,132.4096546876803,54.79926458044771,61.444526705159646,91.51098821732133,94.54804569213448,95.56531559932445,98.80183334719136,81.28525078981113,85.41569120060029,81.72789200823325,102.35851475912298,1
129.62306305942872,133.1724448845395,56.14243698657325,62.11937727407029,91.8663671544873,94.81776202852188,95.7116813408067,98.29677061554993,81.80721170843323,84.91421661480273,82.08115264225407,102.00894000947551,1
128.1323465265359,131.68126409317014,58.574009842011556,64.28162212395625,91.13031086775013,94.29319642248537,95.51856733578215,97.88800274009185,81.78838473958217,84.84790682900797,82.7918472575051,101.38555251861195,1
131.18859288802926,133.81641334576085,61.91102766025924,69.06031146060326,92.18888866593328,95.4679816212901,97.28913336659335,96.14083184511804,83.33183726178179,83.0433772030023,82.94406601458145,101.27885500370954,1
132.55556701450055,135.55755935174162,60.23126277926706,66.7386789620913,91.8864450166995,94.62752849463489,97.52567875805246,96.06656440354288,83.60242113943575,82.85418308648447,84.03359421767736,100.33478921977243,1
129.49726430792515,131.67359843224267,52.50060880344447,59.539459068524714,86.62045236699078,86.49436128468938,96.52661387715754,97.76605896598645,84.38424899208917,82.51482177387358,84.13713697231373,100.678649516358,1
131.04896539614106,133.67296384641764,54.104933018392785,59.195363693886655,86.72521967658574,85.41798746933257,96.18125098430895,99.43681635796743,85.0024646024896,82.15291194892829,80.9853539198063,104.21959103001458,1
129.80462593538127,133.57530144243015,55.08568141962472,60.2669427811663,86.95190354439771,88.25031134300752,96.88589598419523,98.89259600154492,83.22196173459382,83.81429481773853,80.0175528457931,104.79470400223708,1
129.6606703827496,133.9675789921673,55.54934029308961,62.07077065315381,88.58084780476683,90.02792864586463,95.07926704358103,100.59640612168157,82.3231811800364,84.72992462868528,76.96561931515771,107.6076197705625,1
129.82827795893795,133.21399136433337,58.25039418323297,63.83662839361257,88.67848435182229,89.75501471650514,93.73028456713405,101.65123745827185,82.21353992106924,84.85515077114773,75.66156749660102,108.71500947314533,1
129.7883949838913,133.30966884256983,60.10892730981003,65.04861849154315,88.94060205970973,89.88877199650759,93.2720894650001,102.0617553408917,82.48200283190172,84.62773999528143,75.4547771932446,108.6032229734963,1
128.78155020033995,132.41542879937737,58.31764764325257,63.46817290244931,88.5937188722345,89.88201199254189,93.55483523512856,101.24323173498931,82.92174917133511,84.03981400154215,75.20666015693534,108.79368026206116,1
127.83328269522606,132.9916416919061,58.66547307646429,62.92598973464996,87.0378348183146,90.04987945729668,95.16150208865841,100.54225001235376,82.55865829269479,84.58456089442903,75.73633185923238,108.35048989583443,1
128.77885751705256,132.6177102285657,58.52891591877699,62.50607711497443,87.62721265196434,89.6295170014619,94.65760228739468,100.32918236185239,82.52618592213992,84.41215683990438,77.37310974322615,107.1121297052499,1
130.51395794154098,134.71038697236713,60.376025719009185,64.2859855180239,89.58270568282694,92.04996919187997,95.14978292965151,99.7608615335536,82.04939996970211,84.74093886098791,78.75970136453935,105.67712177223451,1
130.01609869745218,133.49118547621953,59.512534181763634,64.06723556724907,88.42711638809254,90.35755582503738,95.18790073093339,99.47623134044485,82.00411767525787,84.78951844338205,80.03566805366685,104.50923489585749,1
129.7019781794985,131.72304871090878,60.36892955989701,65.11684931435195,87.58270132902992,89.10962531629887,95.40339960299099,99.24192970606352,82.50923376167425,84.47882797800628,80.29827279336341,104.25436565522588,1
129.24128972856337,131.18871165521463,58.974605564677546,64.41901656437805,87.14124275529255,88.42461084180545,96.01742886265872,98.72148089450116,82.95734644290536,84.10309011781263,80.97929953676721,103.80865821651739,1
130.749872495459,131.343740269439,57.85854783129322,64.31123123839238,87.04857249978102,88.5572881498038,96.49116164413095,98.12565414522008,83.50015949255227,83.52100369893553,81.03722062868178,103.73646005025913,1
130.35601563412752,131.18879443723173,55.82023673150037,63.387332572735396,87.09421046600625,88.37673459685482,95.96024263320362,98.06605685687683,83.26110066635442,83.58103083162875,80.62236096582215,104.09197408451364,1
130.2886381454582,130.33089307735793,55.63164428231875,61.64084561473943,86.00329524591675,87.35245392968085,96.09083215506227,97.90275992886194,82.84000450183159,83.91487199180472,81.17501284259357,103.57547647378868,1
129.5243037029047,129.68670077041094,56.30262115163795,62.99742502235699,85.53670435072871,86.80734953890375,96.08577099020546,98.04453583975499,82.73003667274816,84.03367709259769,81.63373868339491,103.18770835847269,1
130.86736623458518,129.6784667811361,57.28769978068076,63.940946099377264,86.45736098330701,88.58168532305325,96.49193227216526,97.52014866418901,82.33448682629142,84.25296786708539,82.14636065642793,102.63689276245795,1
129.92339935697404,128.797343695137,56.221196609180176,61.69337552727878,86.07096403875406,87.9713363797848,96.05336461453736,98.01285256829867,82.12438051177745,84.61446494442389,82.6627049273729,102.07707290875308,1
130.22903368830578,132.54520573870752,57.29623345722093,64.16441139972636,95.05060790874752,96.77429961843379,95.93770849625419,96.69605100689705,81.63279488718008,84.27360321944339,86.71045331886445,97.15474413891768,1
135.6431465750389,131.1879843555088,59.88984553160659,66.29434186208896,91.63420931576798,89.60619543711096,93.0005808468413,99.36752277515872,84.07555818626673,82.28277306192764,81.64800900844538,103.1885554536929,1
134.48724540182096,135.32371362411726,58.71844074377102,65.68093740980463,91.40163726425966,90.3276131189739,93.39073692854488,99.81759596359448,83.57204452214532,82.93812613303025,81.80340581844303,103.3010168786981,1
132.36028323267843,134.9310466622282,56.96450440743014,65.13158125908123,89.74195582785693,89.15977149555171,93.55360148182653,99.75235612743163,83.77311383448466,82.98052550384905,80.69129201542022,104.37513734240478,1
133.849168579271,134.99302905993682,55.6727926891909,63.395329763043414,88.31675049649866,89.05888086963333,95.0801961082228,98.32768334577251,83.73629984485811,83.20279331487937,81.82281275637104,102.97518523029242,1
132.256728738039,135.2360991886714,58.155807962284214,66.5245922572063,88.09415914217558,90.45543092032901,96.48835289309612,96.8989073650962,83.35314995433498,83.57407541351516,81.98811003200773,102.68632673328803,1
129.82385127504952,132.44234234115845,58.24178726487357,66.22744328659361,88.93613367052,91.54443047463133,96.92863289527916,97.07100020087802,83.12547498571844,83.78984794041038,81.86665895307708,102.76667915749208,1
129.7119725929381,132.25112165646968,57.98168262518467,63.987515471031074,89.09578997376305,90.8749482388129,96.84959678178137,96.9423551932549,83.53870537185949,83.24898098303258,82.42017458065483,102.28377451689542,1
129.95326775471216,131.73267246372419,57.54752831535011,63.432478757427496,89.4538187151058,91.39055121515551,96.68696199430173,96.82440904909498,83.08813962357328,83.34365421921075,82.67956003193586,101.99902504052042,1
128.22570202154446,129.5431152420055,57.82218913120345,64.28956008389228,89.18996401409828,91.6920785954832,97.61160076724356,96.04640898221817,82.55850169565925,83.70666589656824,85.27044150321348,99.36931921031531,1
130.543957810023,132.84172684178327,57.499323003536034,64.8227308663139,92.14693011556447,95.0630938817442,96.96893749149267,96.48367682780389,81.69278245954787,84.46912232377487,86.37150942148848,97.97794425384923,1
129.1821977325148,132.6941051029889,57.5736200574652,64.18891796379091,92.9747890827156,95.28630366050726,95.74099096057532,98.116069812695,80.50479246448606,85.84218241856252,87.20582836841345,97.09805960891335,1
127.43291429168906,131.1372108970193,57.59878654155107,64.5374575827094,93.08551749932575,95.29914719297919,95.92917953246919,98.07118199911737,80.5273208382094,85.6835194787615,87.46452559205646,96.61093040047479,1
128.124805076607,131.2047460327154,58.49569749897724,65.45138199924271,93.75784899870249,96.29793624665108,96.31501265963496,97.65354180314488,80.60285994352186,85.53081325323718,87.57183322908291,96.56252750138175,1
125.45498928871828,129.14745164518692,57.08137841428065,63.511402197485424,91.91067215961233,93.23390891670464,95.86433889554955,98.66109819828783,80.67003547509093,85.81102020660957,87.40690692835749,96.80862606168938,1
124.74359444011218,129.3969221285273,57.79258883477656,64.82881529515952,91.77848797091258,93.617903381247,95.84899249811238,98.72227252362977,80.65422239354999,85.85854481326231,87.06586954104442,97.03227918316263,1
123.11880640069904,129.1192782228072,58.13533164823827,64.48644709812766,90.78086158378188,92.73663038019701,96.15796124547532,98.80909104435389,80.86331396611833,85.64258124855999,86.864153837435,97.17146053667241,1
125.36760890853958,129.25782666830875,58.30576615397434,64.8434234847894,89.88659920516031,91.68237154224403,95.41328802384548,99.39927685423831,80.43588246168517,86.05831204030964,86.60741607920691,97.42260296144974,1
128.28802926316223,132.0182636701097,58.53083292864052,66.70373181156073,93.37503717190019,96.68084146400054,96.45403779105486,98.38926683583716,80.80808083522784,85.76335773786805,87.07057968094878,96.61532017729475,1
128.47731793042752,134.83737448070818,65.96967966521764,73.99864626188331,100.36134985793494,102.99041561380504,96.26094086457893,97.69136302162988,80.9062042631005,85.46925278471035,85.90113522865637,96.92072770981113,1
130.33248773026128,136.92638759586234,65.45101132711788,74.6750374094034,101.07314578867071,104.12491870970247,96.00310866208238,96.83610371939068,81.09057590165042,85.33788777733002,84.893469469551,97.99822251944133,1
128.61920134567256,133.98138732407392,65.51443229386739,74.98850522370697,99.26521514151375,101.88983983045766,95.34828423472801,97.70797558180581,80.8315452014922,85.48784359225347,83.36737925532474,99.94066051920339,1
129.48826635936766,132.53990240878986,64.67580660583273,74.26588420289993,99.55618942454235,102.05646131920116,94.99555789012214,98.18133938263091,81.17126027164025,85.3223755977976,82.61465824500131,101.15852845952723,1
129.46130153075055,133.09245944201152,65.39464587357736,73.86273069501772,99.08720130120646,101.64926657408793,95.0763546577301,98.30459946350778,81.3463550115374,85.29911464130996,82.55679079749132,101.26211177216389,1
128.05177191580447,132.68900375307467,66.09714413343531,71.76452045338586,96.7229612249738,97.14437327123004,93.17557584965583,100.47354121243038,80.97548377510347,85.52382304345444,80.71612796432204,103.18260475235118,1
131.5619116750674,133.09623711832825,63.47553313558163,69.45368950721475,95.90347850490043,96.81568983879652,93.15379632794318,99.72725255954093,81.30913846837798,85.22904724242159,81.88775834457189,102.08474389712357,1
128.97677765443063,131.9973356754103,58.39344479497218,64.72511086302437,93.44990380983933,94.83203711950614,94.2707148756024,99.3059496675032,81.60454056107467,85.09327639100904,81.40761304338129,102.75755137038956,1
127.29169727927203,131.74966062312325,59.28931552550716,66.0902260893419,92.3501209394698,93.96010784866527,94.66077027708162,99.21255218568042,81.4584906165995,85.30941076892056,83.30401546940288,101.13235934991475,1
128.81213269517485,132.34326861782174,62.87664891880896,71.00264613092195,98.434928244781,100.8198565106906,94.91700808664729,98.99115467351734,81.05090897077756,85.7230415835294,83.4128010117651,100.64173902470799,1
129.1045655632716,132.89710983005045,62.73614895595958,73.15796540055538,100.40102264210046,103.05137830991943,95.26817222200522,98.50998140918371,81.30310417509055,85.52571952997472,83.4139274346239,100.42879039361156,1
131.8237007930814,135.2833891490192,61.73498874590725,71.89053328769195,92.981574707106,93.75035518045715,94.60502641018235,99.95035151717684,82.3168883868818,84.54845710791926,83.08548798590928,101.31058503335953,1
130.33988708926412,133.87988146074278,60.36275704972224,66.78215607149185,96.09251368583482,97.09678276950787,96.16387720609808,97.71552300867876,82.28591131099927,84.36467614702883,89.29665787408621,95.0792510923947,1
130.43835741075205,134.32354910031063,60.19370655369021,66.76256109313958,95.9391216535212,97.05821702347654,96.24756060808011,97.53361190424815,82.2077038503812,84.39310708256964,89.45498553999938,94.87202833726417,1
130.81574483313588,136.19414094152907,58.116155808791234,67.12574836569263,96.14834301560677,99.97131623500773,97.74135909277555,95.8865368922667,82.18078821260823,84.18535871104784,90.6985114779903,93.38100681330755,1
128.32383409764262,133.599943893479,54.578625827469274,64.2014967866217,92.97301882701042,97.03866252577632,96.6967792690178,97.22436139551534,80.72013204094326,85.60060879065931,91.0197780173144,92.99633721006852,1
130.12119825715473,134.13630571570343,57.64784377647151,67.9715902438239,96.38052106597489,100.20603583287368,96.85073580819889,97.04464409104571,80.86597353289665,85.49327297739806,92.39294189533666,91.44658658109739,1
128.4567838312559,133.35156993145708,59.64116206096556,69.86366533441807,98.41785003249129,100.89054612040509,95.1698244481152,98.88607878427442,79.79560492534344,86.5070748859296,91.97187490327887,91.79063629196419,1
128.91255448202176,133.69136614012243,58.4172522637114,68.9383090838674,98.19447504911503,100.76866927693275,95.81405816500788,98.5935049835733,80.27891544824571,86.12915220876693,91.68230187884417,91.97590014415938,1
127.5234793104304,130.79989252511476,58.6393295179973,67.31897692136097,93.6865373357225,95.97925069982684,95.42970833442592,99.19077409377464,79.60925327627005,86.71709042551491,91.78012841421727,92.04027544464472,1
128.3057319210782,131.8179905439083,58.427579895896706,65.94098142173073,93.67323443214248,95.32674468966331,96.09684809624997,98.52679533234205,80.66557854119144,85.86652355556627,91.22483525725742,92.6993744916435,1
128.19488649971882,131.45833789472348,58.7295796427199,66.42340715985247,93.72501098653032,95.23627750116835,95.69438258491172,98.7439341777068,80.71558705910874,85.7825248654381,89.88923599643525,94.0749214680176,1
131.58172153780296,135.54467487622165,62.03832923305446,68.95386259161297,96.57081407252926,97.75386226276395,95.39804509041187,98.42802571865525,81.05135304134795,85.44273720073993,89.90066389382075,93.92080532712743,1
131.08133262990395,134.00022313041237,60.33385633667601,67.32994246838888,94.2474521119181,95.7661506075235,95.76763603282185,98.11864401892714,81.1662737809042,85.40201660370099,89.79790274127053,94.20923067888455,1
130.5197643380129,133.41868378961533,60.88599651044381,66.68482351632387,93.03470705751033,93.06983031576986,94.89436522250479,99.2381839238565,81.07378524920172,85.64646765478427,89.4724917006457,94.83861433566871,1
131.24029846781764,133.52536468954267,60.696110028140595,66.15340206461565,92.53804922209078,92.96444081783497,96.31836326003177,97.81123382732102,82.445979263811,84.33658912937598,88.89098391204875,95.56668445338751,1
133.61794630230497,136.25966319827037,63.47531463444404,69.46114680384534,94.36764747536245,95.41355619093173,97.40397858162044,96.57655134208376,83.15052052842746,83.47199369026582,88.78873354641021,95.74394596462292,1
135.03385420414335,136.79636725530807,63.161353846974606,69.98564360155004,95.64729815599765,96.09300724663463,97.16720207726615,96.61983147005341,83.43726695824418,83.10014420354514,88.05226742502127,96.53272947584577,1
134.5592855504835,138.0533076115937,65.18582962006391,71.79460214009522,97.9956416840594,98.4285548159334,96.62684032518335,97.00985469604467,83.11677698557298,83.56445046769502,87.7286690027817,96.55533572668811,1
132.73542371676047,136.4384176611566,64.40251392268422,71.81948626265404,99.58754597357017,100.06957856319369,95.51150557184002,98.0095723835332,82.433470464399,84.12673383296473,87.27260390505234,97.02156843796712,1
130.04029734997897,133.03839164451512,61.42015235062448,68.7561376999599,97.10265042380443,97.07223301993544,95.49857335361658,98.81559768540927,82.49844436394655,84.24745475459834,86.34665348250003,98.00418261448453,1
128.58954111122327,131.74462973196813,60.90326498394126,67.8206355445036,94.88556830467442,95.83049466825429,95.87112980656835,98.2602550983493,82.38119794464033,84.32515933659863,85.9567655783206,98.42853742017977,1
127.5252453757108,131.6989035648101,61.59573884675946,68.973428853743,92.48338693635714,93.64645073460721,95.81383166379818,97.96388405053204,82.3337406335937,84.25837345972646,85.8828618716282,98.476950601129,1
128.37266883660607,132.8230243649355,63.11125406166107,71.34359076138976,97.8292657126776,98.56520876719708,95.16599713426922,98.68458907876338,81.99154169250846,84.37446449641232,85.57898218671173,98.70260844012996,1
132.24624153878892,136.1092200901264,63.2063099388074,72.02590496867984,101.05127549312026,102.93169468480217,95.41709573391539,98.08951097375574,82.3528758557623,84.42422003544236,85.09968578336795,98.57594160073835,1
130.83031647165396,137.20744583433049,64.13918886525154,72.88207259464738,100.69020030616913,103.1925762655457,94.79261245463832,98.05248987726816,82.2613836395113,84.35931353030061,83.93427886054614,99.23467874932454,1
129.73455226053744,136.54190922029977,62.1261872474749,74.6262806414679,99.98712209760123,102.09526392225179,94.95051678396946,97.85764853472239,81.80420041201975,85.11447611579563,86.02096592510618,97.84557263117837,1
127.52002543040777,134.9087472941667,62.27259697499934,74.53593267846469,93.44132227424825,96.885927384525,95.89412252893516,96.94616180320057,82.10236448354179,84.31394936680022,85.35527988581029,97.89027859776431,1
131.2247592451352,136.89965907732207,61.10016344304679,69.04741421041787,93.9687818266031,95.40048860897673,96.03560475677156,96.84302751847765,83.82401883406537,82.67612286836271,82.62256149904479,100.86176958512247,1
134.93021353774162,137.6394551479089,56.77410770710742,63.50358276184642,91.00100729337746,91.61013972843641,95.91389201971005,96.72986084153081,84.19242266588674,82.32040149813126,83.08733933794592,100.75426248935005,1
132.24022994025174,134.46221851552994,58.1414838791298,64.9930855226648,89.65287042999279,90.01654618574685,95.72483459699315,97.58157404046592,84.34257681323962,82.72396854891124,82.79646002952585,101.66057163433122,1
131.49296442066893,133.60377635930726,56.451577741107215,63.616832864731336,89.50753951587147,88.9031696341773,94.56662638749573,99.6507351749393,83.78028342131746,83.26147355999194,80.88004242990856,104.24831086395884,1
131.12052366336349,133.39465619281563,55.79578834204967,61.8711621798838,89.3920454460731,89.09166221838439,94.39999981018929,100.20050209992347,83.90541683670989,83.22582808676717,80.56866914967915,104.61705075057897,1
130.6298871562881,133.38624000510188,54.054138269244596,60.33382700649987,87.95547614342965,87.40262572666228,94.0371656534782,100.84541857804712,84.05304767738933,83.11272381910861,79.99381705490457,105.23616403822,1
132.55547458855773,132.99294182200273,54.00197108234992,59.85023338783673,87.20404240353923,88.46757367607634,93.73691359482893,100.35671838044864,83.27195211398413,83.53630519935903,79.60755241793902,105.36560427219857,1
133.70288875085103,133.99474998574223,54.420935007094464,60.574667348841004,86.82736949974712,88.74161038840654,95.5911225655704,98.34559943318251,84.04107145408712,82.55026917171818,80.31986441617263,104.71972456816671,1
132.2639144628004,137.09209455392147,59.49682998997391,66.96276869188038,87.36920119146446,91.06169695884702,98.15685671536272,96.20117488545826,83.57877312889795,82.51982729593422,82.54066119422663,102.38594458705066,1
